TRA_ID,ATA_TEXTO
2298,quería ver si me puede enviar una unidad policial. eh unos amigos de mis sobrinos aquí están borrachos estoy queriendo mandar a la casa y no me hacen caso. en la calle la niña y francisco de orellana. un edificio de ladrillo visto de 3 pisos. andres arevalo. ya muchas gracias
2299,eh mire yo tengo un problema aquí es yo rento un local aquí para comprar aquí cacao en la alfonso andrade y calle maestro y tengo puesto el rotulo de que se vende se compra cacao y pasa un camion y me va rompiendo el rotulo. no no el camion está aquí estan aqui a lado de la mecanica. si no quería mover el carro del frente del local porque decia que el estan en la via publica. si. marcela sanchez. rodolfo acosta. okay muchas gracias
2306,si disculpe usted es la policia. lo que pasa es que en sol del bosque por la entrada a la ciudadela delia a unas dos cuadras a la izquierda hay un poco de tipos que hacen mucho ruido al frente en donde yo vivo y no dejan dormir ya tienen mas de tres horas. no no no es por la fritada de la señora delia. y ahora por donde sera. por por guayas y eloy alfaro. si. si estan tomando y hacen demasiada bulla. patricia zambrano. patricia zambrano. okey muchisimas gracias
2336,alo. alo con la policia. alo alo. alo con la policia. si hagame un favor vera lo que pasa es que aqui hay un señor que esta intentando robarse un vehiculo esta justo en la avenida 12 de octubre y don bosco. perdon. casi en la esquina deben ver por las camaras me imagino. 12 de octubre en plena 12 de octubre. esta con una chompa verde y un pantalon jean. el jean es azul y la chompa es medio verde verde olivo masomenos. yo mery garzon. ya
2353,alo si. alo buenas noches oiga por favor lo que pasa que tenemos una niña perdida aca en la comuni que pertenece al canton deleg en la comunidad de vayandel. hace unas dos horas mas o menos y le estan buscando una hora y media le han visto que una señora le baja amar cargada por el lado del cementario. como esta vestida la chica preguntale a la daniela pregunten a la dani ya ya le digo. a ya dice que de una chompa cafe de unos zapatos morados y con un pantalon jean con un pantalon jean rosado una chompa cafe y unos zapatos rosados morados. morados si. se llama camila pañora. si. año tres meses. eh se llama vayandel pertenece al canton deleg. aja de la provincia del cañar. eh mas o menos pur gulaquin por el barrio. si san jose de vayandel si. si. ligia calle. ya muchas gracias
2359,a lo muy buenas. como esta eh le saluda javier salinas estamos por acá por los totems alo. eh lo que pasa es que necesitamos que nos ayude rastreando un un numero telefonico por que le acaban de sustraer el telefono a una niña. si de transito estamos aquí por los totems. no le entiendo. pero nos puede ayudar. aquí en los totems aquí en el redondel. javier salinas. ya. alo. mande. ya es el 09. a ver el 098696. 80 a ver 09 que  0986966910. no sea malo. si estamos de turno. ya gracias
2361,si buenas tardes. eh puede mandar una ambulancia a san gerardo que un muchacho se ha caido bueno esta medio tomado se ha caido y esta gomitando ahi parece que va a morir. ahi de un pequeño bordecito se ha caido. de unos 17 18 años ah de ser. mande. si si veo que esta sangrando esta gomitando esta botando solo espuma. dice que es de uzhupud nadie le conoce dice que es de uzhupud. ah aquí en san gerardo. en el centro ahi en la capilla es de un pase del niño. mande. es no no es acá de certag para arriba. si de certag. mande. si es un hombre. ahh marta lucero. ya
2373,muy buenos días hágame un favor. quiero hacer una denuncia en este momento le viene a gritar a una señora el sobrino una persona de la tercera edad con intenciones de golpearla como puedo hacer. no yo salí y se largo. no no yo salí a defenderle a la señora y salió. pero es que el señor es sobrino de ella entonces lo que me dice el abogado para que sabemos dónde vive el señor y todo que por qué motivo mi ma ósea la señora la señora le cuida a la otra hermana de ella. le cuida así mismo una persona de la tercera edad entonces y que pasa que el señor ha venido a gritarle a la señora que que que le está cuidando es una señora que no le pueden dejar la puerta abierta por qué se va se pierde entonces la señora le cuida y todo y viene aquí a gritarle ósea y oímos que le grita le dice que el dia lunes le va a mandar presa por que le tiene a la tia escuchamos encerrada que le va a mandar presa por la dinapen entonces la señora está mal es una señora de tercera edad es sufre de la presión la señora esta super mal. pero sabemos dónde vive. es en ricaurte en la y. antonio ricicaurte y la y 7-18. si. entonces la juan pablo segundo pero es más arriba antes de llegar al local de eventos el sky. nancy pesantez. ya gracias
2392,buenas tardes compañera el ecu de cuenca le está llamando. le tengo en la línea al señor wilmer aguilar el número de teléfono es el 0995. 827836 indica que está viajando desde ponce enríquez hacia machala le tengo en la línea por favor al señor aguilar ayúdeme con su número de consola por favor. su número de consola 8015 compañera pero ya colgó lamentablemente el señor mil disculpas. ya estaba siguiéndole a una persona en estado etílico conduciendo en estado etílico. ya listo gracias
2395,buenas noches oiga vea lo que pasa es que yo fui adentro de mi casa y hay muchos fumones mucho ladrones el sábado pasado hubo incluso un vecino que estaba borracho que prendía y apagaba ese foco siempre llamamos y nunca se van a dar ninguna vuelta haber ahorita estoy aquí lastimosamente en un velorio y no puedo estar mucho en mi casa pero están mis niños. vera eh este es por el grandar es estadio granda es dentra por como quien se va se va al rio huaquillas en la primera emacadora. mande. abdala bucarán de ahí de ahí como quien se al rio huaquillas en la primera empacadora. eh alejandra lema. ya pero oiga pero que vea que de ahí hay dos casas que va a la otra so es tercera casa de esos losa ahí se meten los ladrones. ya que ya vale
2420,muy buenas noches eh hay una pelea aquí en chilcapamba si nos puede ayudar mandando algún policía algo. unas cinco personas están ahí. no están alcoholizadas. plena iglesia en plena iglesia. eh wiliam dominguez. gracias
2421,si buenas noches buenas noches mire llamo de aquí de la entrada del camal municipal ya lado del hospital de la mujer y el niño. aurita se viro aquí un carro yo vivo al ladito entonces en dos hace un minuto. se viro un carro por favor hace un minuto. no no los herido no he visto aurita estoy llamando de mi casa veo que el carro está virado ahí estoy llamando por una emergencia. no no el camal municipal en la calle del camal y vía patamarca. ahí está al ladito de la vía patamarca está ya a unos diez metros. manuel pacheco. gracias señorita
2451,hágame un favor estoy en el salado en la don bosco en una cancha sintética un compañero convulsionó. si este momento está convulsionando. don bosco y salado que manden una ambulancia por favor. si es en una cancha sintética. richard loja es mi nombre. richard loja. buenas noches. ha en la loja y salado le envié a su compañero una persona convulsionando le comunico. loja y salado. 23 al 8923. ya gracias
2485,buenas sabe que estoy con un taxista que me viene insultando y metiendo el carro todo el camino no se que le pasa esta medio loco se salio se cruzo un rojo le pite y me viene metiendo el carro insultandome en cada semaforo que paro. esta adelante mio justo el taxista. estoy por las americas justo a la altura ya pase la primero de mayo. ahorita estoy yendo hacia hacia la basilica direccion a la basilica. no estoy por la gasolinera esa que es antes de llegar. aja por aqui estoy justo adelante mio esta el taxista. claro hacia la feria libre. si esta adelante mio es uah 961. 961. no no tiene cooperativa. david becerra. listo hasta luego
2497,apure si está viniendo o no estamos esperando aquí. porque ya ya es hora de llegar de suscal hacen 20 minuto nomas acá pero ya es hora de llegar. alo. mire señorita que me den mandando por favor alguna cosa para los vegetales aquí están quemándose la cable todo está quemando la casa. claro pues que es emergencia que mandamos que no hay ayuda que como es la huevada suscal tanto que le llamo para rogar hermano viene caminando o como es la huevada
2498,buenos días hágame un favor me puede ayudar con la policía de tránsito santa isabel. ee aquí lo que es calle tomebamba. y 3 de noviembre. eee no lo que es que hay un vehiculo mal estacionado y  ee sin placas. es un corsa 2 blanco. blanco. si. ee es esa exacta tomebamba y 3 de noviembre. o eee sector parque central. no o sucre no perdon 3 de noviembre y sucre. ya si parque central. marcia huayasaca. marcia huayasaca. muy amable gracias
2526,si buenas noches disculpe acá al barrio buenos aires el puente la mosqueta. si en el puente de la mosqueta a una cuadrita más acá como quien pasando a san miguel. está un problema acá que paso están unos señores con unos cuchillos aquí y queriendo queriendo lastimarse. de aquí del barrio buenos aires mismo. claro sayausi. ya aquí al puente la mosqueta una cuadrita más allá. gracias
2530,alo. buenas noches joven hágame un favor talvez con el señor josé hurtado. dígale que es la hermana tengo una urgencia no sea malo por favor. si por favor vera lo que pasa es que necesito no se una una ambulancia para trasladarle a una un paciente al hospital católico. varón. es 78 que es lo que le paso lo que pasa que está con un derrame por posible derrame eh eh le hicimos unos exámenes entonces necesito hable con el médico y me dijo que traiga acá al hospital católico. es en la remigio remigio como es remigio tamariz y remigio romero. vera es de la herradura no sé si se ubique a mano izquierda. en la remigio tamariz al lado de refery es el nuevo refery que está justo ahí en la remigio tamariz. le coordino la emergencia estamos para servirle muchas gracias
2547,si buenos días. le estoy llamando desde san joaquín cuenca hágame un favor le habla el rector de la unidad educativa san joaquín estamos en la inauguración de unas jornadas deportivas y no han enviado oficio mis compañeros pero aquí estamos casi con 1000 personas y necesitamos personal de la emov. para que nos ayuden un poquito con el tránsito es rápido una media hora. licenciado eduardo zambrano. san joaquin gracias
2555,muy buenos días hágame un favor señor no sé si me puede ayudar con un patrullaje. estoy con una persona que está con un tarro de solución en el parque de la casa ya ha pasado varias veces que les amenaza y les sigue a las señoras entonces nuevamente está ahí justo hace un ratito la mama había salido a la tienda y le había comenzado a seguir es en el parque de la urbanización narancay por la parte de indurama. es en la calle villalobos y la pajara pinta justo en el parque grande que hay ahí. pedro gómez. muy amable gracias
2568,buenos días eh si lo que pasa es que tenemos una pacientita que está en trabajo de parto en pucamuro y necesitamos trasladarle al hospital de gualaceo. en pucamuro le estoy llamando desde el subcentro de salud de jadan. a pucamuro si pucamuro. si en el centro de pucamuro. no no no es en el centro de pucamuro o algún punto de referencia. lado del cementerio. ya ayúdeme con su nombre por favor. listo coordinamos su emergencia estamos para servirle. 18 años
2578,cómo está hágame un favor un señor está en estado etílico está en el carro y no puede manejar está durmiendo está en la calle no sé si pueden mandar a alguien que le vea ya. suzuki rojo. acp-305. esta es la roberto crespo y manuel ormaza o nicanor nicanor aguilar. está a una cuadra y media de la escuela de bomberos. aja. su nombre ayúdeme. le coordino la emergencia estamos para servirle muchas gracias
2580,buenos días tenga la bondad le estoy llamando no sé si pueda yo pueda avisarle que un carrito aquí en cristo rey en el parque de cristo rey ahí está estacionado le queremos hacer levantar y no se levanta se ha quedado con el carro prendido y está en última borrachera. perdon. es un vehiculo pequeño de placas 956. a ver es la afx956. es un gris ahí está estacionado ahurita tambien que le vi yo que hago el recorrido con mi perro vengo ahi viendo que sigue ahi. beatriz singre. ya señor porque estan en ultima borrachera yo tuve un accidente que me dejaron casi invalida con un borracho asi por eso me da iras. ya señor muchas gracias
2600,buenas tardes. estoy llamando de acá del control sur si me puede ayudar es que tengo mi esposo siempre me ha maltrata ahorita está bien borracho y me enoja demasiado en control sur por favor. perdón. bueno ricardo duran bomba terpel
2637,muy buenos dias hagame un favor lo que pasa es que el vecino de lado le esta pegando a la esposa y la niña vino a pedirme ayuda. eh si es en la calle del acordeon detras de las bodegas eljuri. si hagame un favor lo que pasa es que la niña esta bien descontrolada esta aqui nosotros somos vecinos. si. eh perdon. es calle del acordeon detras de las bodegas de juan eljuri camino a miraflores. si si justo de la panaderia don pan un poquito mas a una media cuadra masomenos. si. ya hecho yo ya les espero afuera. hecho ya muy amable gracias
2638,muy buenos muy buenos dias tenga la bondad hay un incendio aqui en un bosque por el sector de las antenas de misicata. un poquito antes poquito antes de llegar a las antenas de misicata. via a las antenas se llama via a las antenas en un tanque de agua tanque de agua creo que se llama. cristhian berrezueta. ya muchas gracias
2644,como esta hágame el favor necesito hacer un traslado de dinero del banco del pichincha aquí en azogues hasta el banco del austro. si. eh byron tene. muchas gracias en banco del pichincha de azogues
2670,buenas llame hace hace poco tiempo para que me ayuden con unos policías por que hay unas personas que se quieren ir sin pagar el cafecito pero no llegan los policías. honorato vázquez y 7 36 y luis cordero. hace unos 10 minutos. ya por favor estamos justito a lado a ladito de del de ese pai improvisado que han puesto la policía aquí diagonal a la iglesia la merced. gracias
2672,si buenos dias hagame un favor le estoy llamando de aqui de giron. le necesito a lo mejor si me puede ayudar este lo que pasa es que alguien se ha entrado a la casa. ya en la como es  eloy alvarez y bolivar. y bolivar. en los bajos del hostal jr. vilma romero. ya muchas gracias
2677,alo buenos días eh un favor estoy en un bus que esta llevando exceso de pasajeros y quiere seguir cargando mas pasajeros. es una transportes cañar. una transportes cañar. esta ya saliendo de biblian yendo a entrar a azogues. a azogues bueno se esta yendo a cuenca pero sigue metiendo mas pasajeros. eh no pero estamos a la altura del del cementerio de biblian. ayudeme por favor con su nombre. Chandel maya coordino su emergencia estamos para servirle. vos no pares burro. no le escucho muy bien. gracias señor
2691,a muy buenas noches amigo disculpe lo que pasa es que quiero llamar a hacer una denuncia. alo si me escucha si quiero llamar a hacer una denuncia soy del cantón camilo ponce enriquez. lo que pasa es que hay hay un billar con una cancha de volley aquí a a media cuadra y es un escandalo que hacen ahí y la policía pasa y no les dicen nada y no no se como a lado viven una mojas es un convento de monjas y estarán borrachos pero es cuestión de todos los días ya son 11 de la noche pues señor esto es un escandalo publico. no tiene nombre es un billar nuevo que que ósea no es tan nuevo no no nombre creo que no lo conozco. en el barrio 3 de noviembre aquí la policía ya sabe barrio 3 de noviembre el billar que quedan en las canchas de vóley. eh como le puedo decir a lado de. perdón. no no la calle vera las calles de ponce enriquez aquí donde queda el billar es la 28 de marzo y 3 de noviembre. claro en entre 3 de noviembre y avenida rio 7 ahí mas ahí el medio. en la 28 de marzo. mi nombre ovidio rendon. ok
2725,este aqui este le llamo soy guardia del ministerio y necesito el apoyo de un policia porque un señor esta se esta portando grosero ya la segunda vez. esta agrediendo fisicamente con palabras groseras a las doctoras. verbalmente las esta ofendiendo ya la segunda vez. si. octavio chacon. y pineda transversal de lo que es en el cecap. si dentro del cecap. carlos julio ibarra piso
2731,buenos dias buenas tardes tenga la bondad lo que pasa es que me acaban de robar aqui por la calle juan montalvo entre sucre y bolivar. una pareja no se como puedo hacer la denuncia para. hace unos 30 minutos. si. ya. ya y el joven. ya un favor con direccion hacia donde se fueron estas personas. no les vio. una laptop. ya. me ayuda con su nombre por favor. ya mi señora catalina le coordinamos enseguida la emergencia estamos para servirle buenas tardes
2759,buenas noches vera. ayudeme en la abdala bucaran como quien se va al rio guaquillas aqui en la primera empacadora que vayan policias a ver porque han estado queriendo entrar a mi casa y vuelta estan queriendo entrar. estan como 6 6 en moto 9 incluso hay una casa de losa ahi se meten ayer la policia no entro a la casa de losa. solo de afuera nomas estaban ahi y no entraron. si. abdala bucaram como quien se va  al rio guaquillas en la primera empacadora. en la feria de chanchos de ahi va al rio guaquillas. es que solo se que es granda granda o algo asi una granda propiedad granda. no hay letreros oiga por eso digo que la policia nunca viene. es lo que hacen los ladrones roban y hasta matan aqui. ayer di la misma direccion y fueron los policias ayer di la misma direccion abdala bucaram como quien se va a rio huaquillas en la primera empacadora y bien que se dieron ayer la policia. si en la primera empacadora pero. empacadora. si al frente hay de una casa esquinera  ahi quieren entrar esa es mi casa y ahi viene otra casa y la siguiente casa que es la casa de losa ahi se meten los ladrones siempre incluso la policia no entro ayer afuera nomas estaban ni entraron a ver. yuli lema el mismo nombre que di ayer. lema. ya
2771,alo. tenga la bondad mas es el por la zona de oh bueno o si requeririamos una asistencia de responsables de transito en las calles. porque hay unos conductores taxistas que estan libando en la calle y se encuentran en mal estado. si se encuentran en las unidades de taxis no estan conduciendo de hecho pero estan aparcados frente a una institucion educativa que esl ciudad de cuenca. ahi se encuentran ellos. es la escuela no el colegio. en la calle maria auxiliadora algo asi me dijeron y la transversal y justo en esa manzana de la escuela por ahi mismo se encuentran. manuela cañizares creo que es. la pio montufar es la transversal que le dije. si ellos estan en la que cruza practicamente. si si ahi ahi. en 2 pero estan 4 personas ahi. y todos estan en estado etilico todos. hernesto sereno. ya buenas tardes
2782,quisiera reportar un incendio que esta en como yendo por la autopista hacia cuenca. a unos 50 metros. si aja. a 50 metros del del de la entrada al tio tom. si a unos 50 metros mas alla estan encendidos alli los arboles. priscila cabrera. si. perdon
2810,como esta disculpe a lado de mi casa una vecina se le esta inundando la casa no se si me podria ayudar. creo que se le ha roto alguna tuberia o algo y ya esta inundada la casa. si osea es de recursos bajos la vecina. ya. dejeme dejeme le pregunto a mi papi ya. ya le pregunto a mi papi enseguida. oye cual es la direccion anastacio oleas. y juan pio montufar. eh mas arriba del upc. si. del coral centro unas 7 cuadras mas arriba. si del coral centro unas 7 cuadras para apara aca atras. aja de ahi del upc dos cuadras para arriba. y en la esquina estan justo ahi estan construyendo unas casas es una calle de tierra. ya. e pablo barrera. muchas gracias
2817,buenas noches tenga la bondad estoy llamando la ambulancia. no sea malito mija se desmayo y no se que hacer no puede respirar. si no se que hacerle que le doy que hago. es hucubamba poligono de tiro en todo el poligono de tiro. si. si. es subida paccha en toda poligono de tiro donde disparan. si aqui aqui subida paccha por la autopista. ya. no no aca por la por la por la avenida del de la subida paccha todo el poligono de tiro en donde es el puente. si. rosalia jarillo. ya aciento. a ya. doctorita por favor una chica desmayada si
2831,Alo buenas noches oiga  hagame un favor vea estan andando dos jovenes por aca arriba uno con casaca negra y una con casaca ploma y otro con un gorro rojo no sea malito oiga estan andando jalado marihuana y andando queriendo llevar a mi hija. oiga recien se fueron bajando para abajo para a lado abajo para el control bajando se fueron perdiendo les estaba siguiendo pero no se por donde se fueron. con e casandra espinoza. es en la avenida ricardo duran ya se fueron bajando para abajo oiga. es en toda la via grande la que se va para hasta el control creo que estan yendose caminando oiga pero se escondieron ya no aparecen. es de la de la de la del colegio manuel cordova mas abajo. unos dos o cinco metros pero ya estan yendose para abajo usted si puede cogerles por abajo por donde estan yendose. ha de ser unos  ellos ya se fueron para abajo para el control creo que incluso se fueron a comprar por que mi hija se fue igual oiga y eso quiero que me ayude oiga no sea malito. para abajo se por la via. si no por la avenida ricardo duran estan bajando para abajo para ir al control. si si si. ya gracias
2832,vera mi emergencia es que vivo por el bosque del bosque dos de monay. el problema es que desde las 8 de la noche hay tres tipos sospechosos que estan rondando por mi casa yo estaba con mi enamorada y ella me dijo que le han querido asaltar yo solo me descuido un ratito entre a mi cuarto a mi casa a bajar las llaves para salir le quisieron robar por suerte ella se metio en mi casa le cerro la puerta y no paso nada ahora salgo para irle a dejar en el carro obviamente y siguen los mismos chicos rondando por ahi. son tres el uno con una casaca son son asi con capuchas y medio vagos pero son tres asi en la cara asi medio fichas. medio ploma verde y cafe asi. medio altos y medio con ropa asi bien floja vagos bien vagos. vera yo vivo frente al al subcentro del bosque dos es en plena esquina es entre lima y popayan es mi casa pero la calle entonces la de abajo es la popayan. si de la avenida 24 de mayo se entra por la agencia del mercurio donde dice agencia del mercurio todo ese sector de la esquina mas o menos toda la manzana del rededor del barrio del bosque dos todo todo andan rondando y si estan robando. porque incluso yo les quede viendo y me dijeron que pasa si para ir a robarme y me fui de una ya conozco a esa people como es. claro mi nombre es francisco galan. si buenas noches
2843,señor hagame un favor no se si es que es el numero correcto pero como puedo reportar a un carro que se ha estacionado en mi garage en el centro y no puedo entrar alguien me puede ayudar dandome el numero telefonico de los señores de transito. bolivar 450 y vargas machuca. si. 450 y vargas machuca. aja. muy amable. por su puesto. alo alo mi señora. ya no se preocupe me dice que es un carro negro nomas no es cierto. ya no se preocupe le voy a coordinar la emergencia ayudeme con su nombre. doris astudillo. listo señora astudillo. muy amable muchas gracias. hasta luego
2851,alo buenos dias. 911. tenga la bondad eh queremos que nos venga a traer un enfermito de emergencia porque se esta desangrando mucho aqui en la feria libre de papas. aqui en el parque en la hay dios mio virgen santa aqui vea en la plaza de papas aqui en el merc en la feria libre en el mercado mayorista grande porfavor. si. si si si si. chuta no se le esta reventado una vena y esta desangrando mucho. perdon. de de del de la pierna de la pierna. tamia leon. la edad del señor es 60 años. 63 63 años. mande. no sea malito por favor este instante pero no sea malito. gracias
2853,muy buenas tardes tenga la bondad eh parece que hay un incendio aca por la por la via deleg de la entrada pampa zamora asi mismo creo que hicieron alguien creo que queria hacer algun fuego de quemar algun algun monte controladamente pero esta bastante humo y de pronto asi se quemo la otra vez el bosque por aca. no esta ya bastante humo es es mas abajo de la urbanizacion miravalle no se si se ubica con el conocimiento. soy wilson cajamarca. muy amable dios le pague gracias
2890,estos. como esta buenas lo que pasa es que estan unas personas fuera de mi casa unas personas tomando haciendo bulla haciendo relajo sera que puede mandar una unidad. manuel vega y. ayudeme con su nombre. coordinamos su emergencia estamos para servirle
2892,eh buenas noches señor le hablo desde el sector san joaquin al lado del colegio la alborada. buenas noches oiga hubo una fuerte explosion y se fue la luz de todo el sector. ah ya oiga. a ya ya ya ya y que es grave la cosa. ya señor muy amable gracias. hasta luego
2930,oiga muy buenos dias quisiera pedir ayuda que hay una quema de santa isabel para acá abajo un cañal se está quemando. si es un cañal noce del lado de abajo salió la candela y aqui hay una casa al lado parece que va a pasar la candela para acá. del ramal para acá abajo. eh ahí donde donde se sube a santa isabel y la otra eh va para cuenca ahi el ramal para que vea ahi esta de ver nomas esta una humareda horrible es un cañal grandote está acabandose de quemar. si si en santa isabel. rosa merchan. si buenos dias oiga quisiera que ayuden esta quemandose el cañal del del don hernán ávila haber del ramal para aca abajo. igual se esta quemando
2933,buenas noches señor en la calle larga y bajada del padron hay como unos 12 señores que estan tomando y en la droga si fuera tan amable de venir para que alguien les mande de ahi. si. tomando exactamente. carla sanchez. muchas gracias hasta luego
2937,si buenas noches mi estimado mi nombre es edmundo ordoñez y yo vivo en la avenida 10 de agosto y avenida loja por el sector de la iglesia del verbo. atras de una calle de tierra le comento que justo atras de la iglesia estan unos 3 o 4 vehiculos con varios jovenes que estan libando y estan haciendo bastante bulla usted sabe mis hijos mis sobrinas ya tuvieron que entrar estaban jugando en la calle entonces estan libando ahi ya se les dijo. estan unos 3 vehiculos y varias personas deben estar unos 10 8 jovenes ahi entonces justo atras de la iglesia del verbo en la calle de tierra. en la avenida 10 de agosto y avenida loja. edmundo ordoñez si. yo le agradezco muchas gracias ok
2946,si buenas noches disculpe hagame un favor estoy llamando de aqui de la comunidad de tumbuwayco es que lo que pasa es que en la plena gruta eh hace unos 20 minutos llegaron unos 2 carros y estan unos chicos ahi y no no se van oiga no se que. para javier loyola. mm es de shuyin para aca en tumbuwayco de shuyin para aca. eh maria zumba. no lo que pasa es que nosotros acabamos viniendo yo vivo por aca y ya y llegamos y ahi justo nosotros estabamos subiendo y llegaron unos dos carros parece que estan unos 4 o 6 hombres pero nosotros ya venimos mas para aca igual estamos parados viendo aqui pero los ahi estan en los dos carros y no no se mueven de ahi de la gruta para mas abajito. no se escuchamos que esta bulla bulla pero estaban ahi en la plena gruta ahorita llego un carro y ahi para llevar a unos señores y se fue pero ya los chicos bajaron y estan en el carro pero no prenden nada y estan ahi los dos carros estan ahi parados. perdon. bueno
2962,eh señor buenas tardes bueno no es ninguna emergencia como para hacerles apurar vera señorsito hace unos 15 dias mas o menos llamamos por un arbol que esta por caerse encima de mi vivienda. y entonces ustedes habian ofrecido pero no me habian dicho la fecha ni estoy llamando a hacer acordar. es la avenida. bolivariano y los chasquis. si. esas son las calles ahi dijo un señor que estaba anotando ya las calles la vez que llamo mi hijo. decimos juegos bolivarianos y los chasquis es ahi en la parada de buses linea 19 es si entre patamarca todo eso para arriba pero. como quien va a la villa dorada a las orquideas ahi son los decimos juegos bolivarianos. si encima de mi casa esta un arbol desde que era chiquito la dueña le dijo que corte el arbol que va a crecer y con el tiempo va a ser eh peligroso pero no me hace caso la dueña ahora lo que dice es corte usted yo que voy a cortar a mi no me esta estorbando. mm la avenida patamarca esta abajo la decimos juegos bolivarianos esta arriba por los chasquis. vera señorsito lo que pasa es que ahi hay una parada de buses arriba linea 19 ahi hay una ye entonces esa que baja es los chasquis y la decimos juegos boliados boli bolivarianos es la que va recto como quien va a salir a las orquideas. ahi mismo donde le estoy diciendo puede llegar a mi casa y. en el hay una ye pero la ye divide para abajo para la. ahi en los chasquis esta junto al lindero de mi terreno. esta entre los chasquis y decimos juegos bolivarianos. carmen deleg
2964,señor buenas tardes ya le pongo a mi haber habla habla. alo buenas tardes. noce si fue con usted que hable hace un momento por un teléfono. osea me un compañero un compañero suyo me dijo que me acerque a la dirección donde me da el localizador del teléfono. que venía para acá una patrulla algo asi pero ya estamos esperando un buen rato para ver si si viene o no. en la calle saraurco. y mantenses. si. bueno gracias. buenas tardes
2967,tenga la bondad sargento saritumas nos puede mandar una unidad a la simón bolívar y a la tarqui porfavor. un problema con unos señores con billetes falsos. sergio parado. si bornes aqui y simón bolívar. muchas gracias
2984,buenas tardes sabe que tengo un problema aqui al lado del banco de pichincha. vera yo tengo recien vengo operandome de la vista y tengo un hijo que es un malcriado le quiere pegar a la mama ha botado todas las cosas quisiera que me apoyen en ese sentido. al lado del banco del pichincha hay un salon al lado de un salon de que se vende comida. de aqui de azogues. jeiner vargas solano. este es como se llama el salon oye islas de la amazonas. buenas tardes alo. ya eh
2988,si buenos días. tenga la bondad oiga necesito aca unos policías porque están unos cuatro borrachos que se pelean que se hablan varias cochinadas no dejan pasar a la gente. aquí en la registraduría de la propiedad al frente de la registraduría en la registro ferial en la carrera cuenca. en la carrera cuenca al lado del. eh luis eh josé gálvez. jose galvez. jose rodrigez. ya gracias
2992,alo buenas noches. aqui esta porfavor aca al lado estan unos niños menor de edad tomando. aca lado estero piedras. aca al lado del colegio. si porfavor que venga a dar. no aca en estero piedras. no aca en estero piedras de tamarindo mas aca. colegio de estero piedras. mande. si pertenece a molleturo. canton cuenca. su nombre ayudeme. le coordino la emergencia estamos para servirle muchas gracias
3002,buenas noches hagame un favor enorme al lado de mi casa hay un grupo de jovenes que no dejan de estar gritando estan con musica y de seguro tambien deben estar consumiendo licor. gaspar y jovellanos y 12 de octubre. justamente en plena esquina ahi hay un terreno valdio y estan. isabel andrade. gracias
3009,buenos dias señor tenga la bondad necesitamos una patrulla en la parte de aca de la nueve en la octavio dias y juan jose flores. lo que pasa que tenemos un problema aqui nosotros somos una oficina de productos naturales y tenemos un problema aca con unas personas que nos vienen a hacer este a querernos robar. si estan con un producto aqui osea ellos vienen a a querernos querernos se se llevar los productos de aqui. ese es el problema que no. el local de natural garden. es que lo que pasa que ellos estan ayudando un fuerte dinero aqui a la empresa y en este momento han mandado a otras personas para que hagan cambio de productos entonces el administrador le dice que ese producto queda aqui retenido hasta que cancelen lo que deben entonces ellos estan queriendo llevarse vuelta el producto para afuera. wilmer vivanco. ya
3013,muy buenas muy buenas tardes. por favor puede mandar una unidad aca a la ollas del cajas. a la olla del cajas vía a el cajas. eh tenemos aquí un problema con un carro que cayó una pelota en el y que está que se le trizo el parabris y aquí estamos con un problema. es el señor que que se le rompe el parabris y quiere que le demos dinero dinero que no contamos. no no estaban jugan estaban jugando voley y se le brinco la pelota en el camino y cayó eso y esta aqui que eh. a las ollas del cajas. al kilometro 16 via al cajas a las ollas del cajas. ollas del cajas ollas del cajas. ollas del cajas se llama. si si el kilómetro 16. juan ivan. juan ivan. quishpe. las ollas del cajas
3029,eh bueno buenas dias buenas tardes necesito una ambulancia en las calles benigno malo. y la otra calle benigno malo y y sangurima sangurima y benigno malo. hay un hay un un hombre que esta eh es es se está ahogando en la calle está botado ahi en la vereda esta botando espuma por la boca si puede venir lo más rápido posible. perdón. si si justamente en la esquina ahí está le estamos viendo ahorita. si en la vereda. de cuantos de cuantos mas o menos años de unos cuarenta años me dice. esta en estado etílico esta borracho si si si dice. perdón. jhonny torres. perdón. ya listo eh muchas gracias lo mas rapido posible
3053,buenas tardes tenga la bondad no sé si me podrían ayudar me acaban de chocar en la feria libre pero tengo la placa del taxi. ya por que el señor se huyó. si si tengo la placa no sé si me puede ayudar con las camaras. aaw-624. si. en todo el redondel de del de la feria libre. es que mira yo trabajaba en el ecu y yo sé que si se puede me entiendes si se puede seguirle al taxi a. claro bueno ya voy a hablar entonces con el encargado ya gracias. si para que me despachen por eso. es que no se las calles es en todo el redondel de aquí de de. de la feria libre. en las américas si. remigio crespo. adriana jaramillo. con quien hablo. es que estoy tan nerviosa javier estaba con mi amiga embarazada ella se puso mal. ya porfa haga. ya javi chao
3067,buenas noches mi nombre es humberto estoy llamando de aquí de san josé de pirca de san juan y necesitamos una unidad que nos ayude aquí en san josé en la iglesia cristo el alfarero. san josé de pirca. a san juan. de  gualaceo si de gualaseo. si san juan de gualaceo. si. este lo que pasa es que yo tengo puesto una una denuncia en la fiscalía y y no ve que el otro día y hubo una manifestación de la comunidad en contra de nuestras creencias somos una iglesia cristiana cristo el alfarero y. y de nuevo la gente estan tratando de obstaculizar de nuevo nuestro nuestro culto que estamos yendo a realizar recién aquí en san josé. luis humberto quichimbo a ese nombre esta puesto la denuncia. antes antes de llegar al centro de san josé de pirca. perdón. si. si la iglesia es cristo el alfarero la construccion de la iglesia de cristo el alfarero la policía si conoce. si si si evangélica. ok gracias amigo le agradezco
3071,si buenas tardes hagame un favor. yo me acerque a mi domicilio este momento. y no puedo entrar por que yo no se si estan ladrones adentro o intentaron robar o ya robaron no puedo entrar a mi casa esta roto dañado la chapa. ee miguel velez 2 98 y pio bravo. si. miguel velez y pio bravo. si. no sea malito. en la miguel velez en la miguel velez 298. sonia chacha. sonia chacha. gracias
3084,buenas noches mi jefe por pedir que se den una rondita la patrulla hay muchos ladrones que estan en la calle la avenida españa y la nuñes de bonilla son unos negros. esas estan atacando a la gente yo ya les he intervenido como unas tres veces les e intervenido el robo a la gente como por aca la calle estan cerradas con mallas entonces ellos estan atacando a la gente aqui se hacen los pendejos se dan la vuelta por la calle la gil ramires y vuelta vuelven a joder a la gente aqui. son grupos que se forman de tres uno ahorita se fue subiendo por la nuñes de bonilla para el lado de arriba son tres. vera cada uno usan pantaloneta corta. color de pantaloneta no me se bien son medio como blanquita otras son. el uno esta con una casaca gruesa y de color rojo con verde y ya se fueron para la parte de arriba incluso ellos se dan la vuelta mas luego ya han de estar aqui. ahorita que les llame a ustedes ya se despacharon pero esos se dan la vuelta. antonio ortiz yo soy el guardia que estoy aqui. yo soy de la sp de seguridad que estoy en la tran via yo tengo que todas las noches defendiendo ala gente eso es trabajo de ustedes. no les puedo decir como estan andando por que le pone la mano a las personas los muchachos van corriendo los muchachos le quitan el telefono les pone la mano en el pesqueso. lo que roban es a la altura aca en la nuñes de bonilla y otra es aca arriba andres como es andres de venalcasa. en la calle de aca arriba que esta sin cemaforo. si la gente sube por aqui. ya traten de dar un patrullaje son solo morenos los que estan haciendo esto. ya gracias
3134,buenos días hagame un favor a cabo yo de bajar del de la vía monay vaguanchi. este y cerca donde estan haciendo un puente que conecta una ciudadela este estan haciendo un puente estaba una señora con un niño pero al parecer estaban huyendo de de un de un señor que pasa por ahí recogiendo cartones pero mi empleada que le había visto dice que a veces mas arriba hay una escuela que a veces les sigue también a las chicas entonces la señora estaba haciendo parar carros parece que estaba huyendo de este señor porque creo que tiene algún tipo de retraso. es como le digo es me parece que estaba como ploma debe ser blanca a medio manchada algo así es un color ya medio ya ósea es una ropa vieja que estaba el señor y la señora estaba con una bebita no me fije bien pero el señor tiene cara ya es medio moreno y tiene como. trigueño ósea trigueño eso digo un color como de mestizo para no no es blaco tampoco es de raza negra. donde que esta justamente haciéndose un puente y también los señores que estaban haciendo el puente estaban virados viéndole a la señora que estaba medio medio medio asustada de este señor sé que el señor a veces. si si justo ahí. a media cuadra estan haciendo este puente. si a media cuadra estan haciendo este puente si la señora iba en dirección hacia monay. roxanna pesantez a lo mejor si pueden patrullar por ahí o preguntar inclusive a los trabajadores me parece que son del municipio los que estan haciendo este puente ellos también estaban viéndole a la señora que estaba tratando de hacer parar a los carros entonces no sé si este señor le estaba persiguiendo o alguna cosa pero como le digo mi empleada de lo que me comento me decía que este señor a veces le seguía a las chicas que hay la escuela mas arriba de la catalina guerrero que el anda recogiendo botellas y cartones. muy amable gracias
3152,buenas noches tenga la bondad le estoy llamando de azoguez del sector de uchupucun. buenas noches hagame un favor aca atras de la cancha sintética de los pochos. ahí ya para salir de la primero de mayo hay un grupo de jóvenes que esta ya bastante avanzados. si si estan generando aquí bulla y todo así que por favor nos mande a un a algún patrullero que les retire por favor. si si estan molestando si estan gritando aquí. antonio quezada. buenas noches gracias
3154,como esta muy buenas noches. hagame un favor ya he llamado varias veces estoy justamente ahorita en la manuel vega y pio bravo nuevamente necesitaría que me ayuden con una patrulla o algo para que saquen a estos señores travestis de aquí de la cuadra ósea estoy llegando con mi hijo tiene 7 años estoy con el perro llegando a la casa y en la esquina hay un espectaculo de travestis con otros hombres ahí espectaculo. justo en la esquina en la vega muñoz y manuel manuel vega. lionel pero estoy llamando casi todas las noches para que me ayuden con esto y no creo. que es solamente mi petición sino de todos. no me sirve de nada de que pasen por aquí solamente el patrullero prendiendo la sirena y ellos solamente se esconden a un ladito y siguen ahí
3156,disculpe hagame un favor cual es el número de la dinapen. cual es el número de la dinapen. no es que estan haciéndome bulla aqui en la salle. perdón lo lamento estan haciéndome bulla en el colegio la salle. si. andy orellana estudiante del colegio la salle. andy orellana. si. si estamos cerca de ustedes estamos cerca de su servicio aquí por la solano. disculpe. gracias
3164,auxilia una ambulancia a cañar. lo que pasa que mi hermano se a ido a tomar y esta loco. mande. no lo que pasa rompio un vidrio y se corto. si no sea malito mande una ambulancia. la mano no sea malo. si lo que pasa no se que se tomo. si no sea malo mande una ambulancia. inconsiente no sea malo. maria iglesia una cuadra. en la angel maria iglesia. es la ciudadela. es la ciudadela a una cuadra de la fiscalia. no tiene nombre aqui en cañar conocen perfectamente. a una cuadra de la fiscalia. se llama ciudadela angel maria iglesia. no tiene nombre a una cuadra de la fiscalia
3170,tenemos aquí un problema que nos chocaron en la en justo en el mercado 10 de agosto. si. presidente córdoba y justo es aquí en la. las carnes. presidente córdoba virando como quien se viene para la larga. alo. si dígame. si la general torres. no nos chocó aquí un camión estacionandose y no no nos quiere reconocer. es un camión blanco. y el suyo que carro es. deme su nombre señor. estamos coordinando su emergencia estamos para servirle si. hasta luego
3186,buenas noches estamos llamando de servicio ecuatoriano estamos haciendo un para abrir un una ficha. con la consola militar cabo segundo bonilla. si. es patrullaje y retenes. si. patrullaje y retenes. si anti delincuencial. en la vía molleturo. si por el cajas molleturo. ok muchas gracias. fuerzas armadas buenas noches. ya gracias. ya gracias muy amable
3187,compañero buenos dias una llamada tripartida del ecu de san borondon consola 8007 me ayuda por favor con su numero de consola. compañero tengo el alertante el número 096 8100 956 el esta llamando de cañar canton la troncal recinto pancho negro me indica que en la hacienda que el esta a cargo unos señores estan invadiendo los terrenos el alertante se llama carlos alverto de la cruz lo tengo en la linea. alo caballero hable porfavor tengo ami compañero tengo a mi compañero del ecu correspondiente para que usted le ponga la debida para que le coordine la emergencia. como esta mi señor del ecu 911 de cuenca le estamos comunicando por favor digame que esta pasando en el lugar. quien es de su domicilio. es de su domicilio. ya porfavor digame su numero de telefono el numero de celular porfavor. 9. ya. 100. 956  si ese es mi numero. si echo. si en la upc de pancho negro ahorita. yaya echo echo. bueno
3192,tenga la bondad estan bebiendo aquí al frente la escuela hernan cordero estan armando relajo tres jóvenes en que carro seria no quiero verles porque ya me mandaron hablando. estan bebiendo y estan en el carro ahí. que carro quisiera salir de nuevo por que ya ingrese a la escuela. esta justo frente en frente la hernan cordero ahí estan. a ver es un tucson blanco. mío hernan quizhpe. muchas gracias señor. estamos para servirle
3207,hagame un favor un agente de transito en la avenida loja y 10 de agosto por favor. lo que pasa es de que hay un señor de que me esta llevando en el carro pero me quiere cobrar como tres carreras y no me he bajado del taxi en ningún momento necesito que por favor. maricela brito coordinamos enseguida su emergencia habla con xavier no se preocupe enseguida no sé si tiene botón de panico el taxi puede aplastar el botón. aplaste el botón y nosotros le coordinamos enseguida tal vez logra ver una placa del taxi. no se preocupe enseguida coordinamos su emergencia estamos para servirle frente al verbo tal vez sobre la 10 de agosto o la loja. ya listo. ya vera toque el botón de panico que debe haber ahí hay un botoncito téngale aplastado 5 segundos. ya listo. pero bueno. si le estoy escuchando señor. si señor. pero señor pero. escúcheme yo no no soy autoridad solo coordinamos emergencias cuando llegue una unidad ahí le tiene que explicar eso. y si no ya le registran con la placa que nos acaban de dar en la ant ya esta registrado ahí. usted tiene que explicarle a la autoridad no a mi señor. oiga a mí no me explique eso tiene que explicar a la a la autoridad ya esta registrado en la ant ya nos dieron las placas no nos tiene que explicar. no no me esta llamando la señora a pedir ayuda y tenemos que coordinarle una emergencia. paseme con la señora por favor. no va a haber agente va a ir la policía porque es un escandalo señor paseme con la señora por favor tenga la bondad. alo. vera esta coordinada la emergencia debe ir una unidad de policía alla usted tiene que hablar con la policía y que le digan cualquier cosa. listo le estoy llamando pase bien señora
3231,buenas noches señor por favor hay un accidente en en miwir. pasa que una guagüita a tenido un ataque de epilepsia el niño tiene 3 años los familiares están medio desesperados viven allá yo soy familiar de ello pero vivo aquí en cuenca en baños y no saben que hacer ellos piensan que la guagua también está muerta pero no saben mas entonces necesitan una ambulancia. si número de teléfono claro que tiene. 4043249 el papa del niño y el señor del numero de la casa es el señor rodrigo fajardo. si por favor coméntele. si es miwir la dirección. es camino a rio blanco la entrada a rio blanco digamos mas o menos. perdón. no es en molleturo en miwir. si cerca de molleturo. listo pase bien. ya hasta luego
3233,buenas una una ambulancia para para una emergencia. para lo que pasa que a una chica acaba de abortar y y esta con el feto afuera. perdón. no es una chica que acaba de ósea acaba de abortar y yo me me avisa voy a ver y esta con los feto ya afuera. si ha estado embarazada y el feto esta moviendo. santa ana e ingapirca. aca por santa ana sector ingapirca. si via san bartolo. no aca al valle del valle mas aca parroquia santana. eh sector ingapirca en la via principal via a san bartolo yo cuando este ya llegue a lado de la via yo le espero para hacerle parar cuando este pasando la ambulancia. este siguiendo la vial la via principal. unos 2 3 minutos. rodrigo illezcas. gracias
3251,buenas como esta hágame un favor yo tengo un negocio de comida rápida por el estadio y recién entraron unos dos sospechosos se subieron a un taxi solamente que le sigan por las cámaras están en un taxi amarillo placas del guayas por el sector del estadio. gsg8781. si. eh el taxista era una chica y otro unos monos ahí que que el uno me pregunto primero por una coas el otro por otra quedaron viendo unas carteras de unas chicas y bueno salimos nosotros y se hicieron los pendejos entraron distintos salieron solos y se subieron en el mismo taxi les cogi la placa del taxi. gustavo narvaez no se talvez por las cámaras les puedan seguir por el sector del estadio estaban. que les hagan parar y les revisen. fasty food a media cuadra del estadio avenida jose peralta 3 48. gracias hasta luego
3256,alo buenas noches señores aqui el señor piron guardia de aqui de la aca paso de guayaquil el señor no quiere dar paso el señor no quiere darme los borrachos. estan atraendo aqui el señor nestan aqui ofendiendo nuestras personas y esque no es demasiado un patrullero porque el señor nse alejen del parque. aqui en el parque central de la de la plaza guayaquil el parque central. si aui en gualaceo. carlos garcia ulloa toledo. si soy guardia guardia estamos trabajando aqui en el parque central. si ya mas o menos ya dan haciendo ya. ya ya hecho
3275,oiga hágame un favor puede dar mandado una ambulancia aca a la subida del cementerio que calle es esa por que esta un señor enfermo esta bien mal. que tiene un dolor al costado y dice que no puede ver la 24 de mayo. 23 de enero y la otra de ahí carlos serrano y 24 de mayo. mande en que ciudad es aquí en chordeleg. eso eso eso deber ser si. aquí en la esquina saliendo del cementerio aquí arriba en la 24 en la carlos serrano. ana cecilia vera. ya ya ya vienen
3276,muy buenas tardes señor policía vera lo que pasa es que yo estaba estoy en el hospital regional vicente corral moscoso pero yo ingrese a aquí esta la puerta y esta hechado llave ya le llamo para que se verifique la hora. si y ya ya dije que me ayuden y solo asoman y ya estoy aquí ya mismo han de cerrar después el hospital. si aquí. estoy en estoy en donde a ver los usuarios donde los usuarios al fondo a mano a mano derechas entrando. la señora elsa rio. ya gracias muy amable
3290,mi emergencia es lo siguiente vera aqui en la mega tienda del sur estan estacionados los carosr en la vereda nosotros tenemos hijos tenemos que votarnos a la avenioda la principal hay peligro de que les coja aqui a los guaguas ahi estan ellos campantes bien estacionados no sea malo que les de haciendo retirar. hay son unos camiones que estan bajando ahi las cosas ahi no. estan 3 ahorita 3 estan ahi nostors tenemos que bajar por la avenida principa. son camiones blancos son ahi furgonetas no se que bajan ahi las cosas. no son camiones ya camiones blancos son unos blacos esos grandes. inclusive ya tome una foto para mandarle al mercurio aca. eso son toditos los dias no hay autoridad que se haga cargo. si digame. ya le digo mega tienda todo mundo conoce frente a indurama. pero señor talvez sera en la cordelio crespro. punto de referencia. su nombre por favor. coordinamos su emergencia estamos para servirle
2311,buenos dias haga un favor vera que en la ciudadela carlos crespi. hay un señor que no ha dejado dormir hasta ahorita con la musica el señor no se sabe que puedo hacer. si. desde ayer tarde imaginese esta hasta ahora. vera es en la ciudalela carlos crespi que dice la calle del morocho y oswaldo guayasamin sube rectito pasa el asfalto y sube de tierra y es la casa esta en los pinos pero es aca el sonido para aca abajo. la ahi dice oswaldo guayasamin. ya no sea malito gracias
2347,hola buenas tardes porfavor estoy llamando desde la comunidad de llamacon de acá de paute acabo de ver un accidente de un carro suzuki rojo con una moto el señor de la moto esta con los tendones expuestos oiga si le pueden venir a ver. es en llamacon de paute para arriba. llamacon llamacon. de paute 20 minutos mas arriba. es justo en la capilla es justo en la capilla. mi nombre yo soy el doctor iban brito pauta. listo muchas gracias señor
2358,tenga la bondad aquí en la en la rafael maria arizaga y vargas machuca hay 4 personas de dudosa procedencia que están tomando están alevosos por favor. osea con ropa normal están pantalon lee. o sea están libando ahi. si. si es en plena esquina exacto. están todo lo que es están andado toda la media cuadra y todo. hasta luego
2404,y ahora número de cedula ha de llamar ontara tu papa no aquí aquí tiene que estar. señora manténgase en la línea va a hablar con el ecu del guayas para que se comunique usted con naranjal. ya no me corte la llamada. compañero buenas noches ecu cuenca le estoy saludando tengo en la línea a la señora luz aguilar me indica que es él va a hablar del sector de san carlos naranjal por una emergencia hable por favor caballero le voy a dar en número. 995. 985. 674. claro que si 0995. 985. 674. si. se consola compañero. la suya. hable por favor. señora aguilar buenas noches en que le podemos ayudar buenas noches. la energía eléctrica. desde cuando eh ósea siempre cortan
2517,buenas tardes hágame un favor. no sé a dónde puedo llamar lo que pasa que hay una moto suzuki de carreras que está aqui en la ciudadela riveras del tomebamba pero está todita la tarde oiga y no sé no sé dónde llamar para que nos ayuden. no es en la gonzález. justo de los e antes de los eucaliptos. la calle es de mmm gonzález suárez la principal. entra en la como es esta baje al y ahi dice entrada bienvenido a riveras del tomebamba entra al fondo y al fondo. sí mire ahí o sino puede escuchar ahorita pero todita la tarde no no tengo un niño recién nacido y esta que llora y llora y no puedo a quien quejarme. lourdes loja. ya
2623,buenas noches. tenga la bondad mire estoy llamándole por una emergencia yo quiero cambiarme de casa pero el señor dueño de casa me tiene con llave no me deja salir entonces yo necesito que la policía me ayude porque yo tengo un problema muy grave con este señor. verá el señor no me deja salir de la casa yo estoy con 2 niños aquí prácticamente secuestrada porque me tienen con andado y no me deja salir esta justamente mi familia viniendo para llevarme  y no me deja llevar. vea cómo me trata señor policía así me están tratando yo soy #. este rafael maria arizaga y miguel velez señor policía. mayra rivas. ya muchas gracias. este si la librería frente a la librería única. sí más o menos diagonal. diagonal este me espera un ratito yo debo subir para decirle algo no puedo decir frente a él verá el problema es el siguiente señor policia yo tengo una denuncia en la fiscalía porque el señor me acoso y tengo una denuncia por acoso sexual este señor no me ha respetado yo tuve problemas bastante fuertes con mi marido todo y se dieron cosas que incllusive perdi un hijo y desde ahi el no me ha dejado salir me de la casa para nada me tiene practicamente secuestrada puedo salir por la puerta todo pero no puedo sacar mis cosas entonces # que yo vaya de aquí. no pero tengo la denuncia puesta y la notificación. si. su nombre porfavor. su nombre maira rivas. no se pero es bien agresivo a mi ya me ha pasado varias veces que me agrede y practicamente estoy aterrada y yo me quiero ir de aquí con mis hijos mis hijos son menores de edad. ya muchas gracias
2694,muy buenas caballero hagame un favor estoy llamando de la calle vieja y hornillas sector ciudadela jacaranda cerca del rio unos muchachos me imagino son estan con el carro se subieron cerca del parque lineal y estan a un metro del barranco. si se une la calle vieja con las hornilla bueno le digo vera es donde termina la calle vieja es clarito ver. si paredones. si si un vehiculo blanco pero me imagino que deben estar borrachos para haber hecho eso. bueno yo es la primera llamada que yo hago. andres ahuagueña. ahuagueña oiga si bueno el carro parece que ya se va a ir al barranco es un carro blanco jeep parece un mitsubishi outlander parece no podria asegurarle porque yo le veo desde un costado. ya listo
2766,muy buenas noches de fuerzas armadas le estoy llamando para que me registren un patrullaje. en las vias. eh via azogues biblian cañar. si. sub teniente anibal cevallos. si. si por favor comuníqueme con. le comunico con el sub teniente anibal cevallos que va a salir a hacer un patrullaje ya le comunico ya le paso
2831,Alo buenas noches oiga  hagame un favor vea estan andando dos jovenes por aca arriba uno con casaca negra y una con casaca ploma y otro con un gorro rojo no sea malito oiga estan andando jalado marihuana y andando queriendo llevar a mi hija. oiga recien se fueron bajando para abajo para a lado abajo para el control bajando se fueron perdiendo les estaba siguiendo pero no se por donde se fueron. con e casandra espinoza. es en la avenida ricardo duran ya se fueron bajando para abajo oiga. es en toda la via grande la que se va para hasta el control creo que estan yendose caminando oiga pero se escondieron ya no aparecen. es de la de la de la del colegio manuel cordova mas abajo. unos dos o cinco metros pero ya estan yendose para abajo usted si puede cogerles por abajo por donde estan yendose. ha de ser unos  ellos ya se fueron para abajo para el control creo que incluso se fueron a comprar por que mi hija se fue igual oiga y eso quiero que me ayude oiga no sea malito. para abajo se por la via. si no por la avenida ricardo duran estan bajando para abajo para ir al control. si si si. ya gracias
2913,buenos dias hagame un favor usted cree que me pueda colaborar con una ambulancia. aqui en el edificio de la alcaldia se acaba de caer un señor y tiene fracturada la mano. consciente. no le sabria decir porque me vino a mi a decir un ciudadano yo soy agente de transito. no. ya me ya me estoy acercando es la borrero y la borrero en pleno edificio de la alcaldia. espereme un ratito le veo. alo. ya vera es la borrero y la bolivar. en plena esquina. estoy llegando. consciente me dijo el señor consciente. maria jose surieto. gracias